INSTNM,UNITID,HBCU
,,
Abilene Christian University,222178,No
Adams State College,126182,No
Adelphi University,188429,No
Adrian College,168528,No
Agnes Scott College,138600,No
Alabama A & M University (HBCU),100654,Yes
Alabama State University (HBCU),100724,Yes
Alaska Pacific University,102669,No
Albany State University (HBCU),138716,Yes
Albertus Magnus College,128498,No
Albion College,168546,No
Albright College,210571,No
Alcorn State University (HBCU),175342,Yes
Alderson Broaddus College,237118,No
Alfred University,188641,No
Alice Lloyd College,156189,No
Allegheny College,210669,No
Alma College,168591,No
Alvernia University,210775,No
Alverno College,238193,No
American International College,164447,No
American Jewish University,116846,No
American University,131159,No
Amherst College,164465,No
Anderson University,150066,No
Anderson University,217633,No
Andrews University,168740,No
Anna Maria College,164492,No
Appalachian State University,197869,No
Aquinas College,168786,No
Arcadia University,211088,No
Arizona Christian University,105899,No
Arizona State University,104151,No
Arkansas State University-Main Campus,106458,No
Arkansas Tech University,106467,No
Arrupe College (Loyola),Arrupe,No
Asbury University,156213,No
Ashford University,154022,No
Ashland University,201104,No
Assumption College,164562,No
Atlanta Christian College,138868,No
Auburn University,100858,No
Auburn University at Montgomery,100830,No
Augsburg College,173045,No
Augustana College,143084,No
Augustana College,219000,No
Aurora University,143118,No
Austin College,222983,No
Austin Peay State University,219602,No
Ave Maria University,446048,No
Averett University,231420,No
Avila University,176628,No
Azusa Pacific University,109785,No
Babson College,164580,No
Bacone College,206817,No
Baker University,154688,No
Baldwin-Wallace College,201195,No
Ball State University,150136,No
Baptist Memorial College of Health Sciences,219639,No
Bard College,189088,No
Barnard College,189097,No
Barry University,132471,No
Barton College,197911,No
Bates College,160977,No
Bay Path College,164632,No
Baylor University,223232,No
Beacon College,384254,No
Becker College,164720,No
Bellarmine University,156286,No
Belmont Abbey College,197984,No
Belmont University,219709,No
Beloit College,238333,No
Bemidji State University,173124,No
Benedictine College,154712,No
Benedictine University,145619,No
Bennett College for Women (HBCU),197993,Yes
Bennington College,230816,No
Bentley University,164739,No
Berea College,156295,No
Berkeley College-New York,189228,No
Berry College,139144,No
Bethany College,154721,No
Bethany College,237181,No
Bethany Lutheran College,173142,No
Bethel College-Mishawaka,150145,No
Bethel College-North Newton,154749,No
Bethel University,173160,No
Bethune-Cookman University (HBCU),132602,Yes
Biola University,110097,No
Birmingham Southern College,100937,No
Black Hills State University,219046,No
Blackburn College,143288,No
Bloomfield College,183822,No
Bloomsburg University of Pennsylvania,211158,No
Blue Mountain College,175430,No
Bluefield College,231554,No
Bluffton University,201371,No
Boise State University,142115,No
Boricua College,189413,No
Boston College,164924,No
Boston University,164988,No
Bowdoin College,161004,No
Bowie State University (HBCU),162007,Yes
Bowling Green State University-Main Campus,201441,No
Bradley University,143358,No
Brandeis University,165015,No
Brenau University,139199,No
Brescia University,156356,No
Brevard College,198066,No
Brewton-Parker College,139205,No
Briar Cliff University,152992,No
Bridgewater College,231581,No
Bridgewater State University,165024,No
Brigham Young University-Idaho,142522,No
Brigham Young University-Provo,230038,No
Brown University,217156,No
Bryan College-Dayton,219790,No
Bryant University,217165,No
Bryn Mawr College,211273,No
Bucknell University,211291,No
Buena Vista University,153001,No
Butler University,150163,No
Cabrini College,211352,No
Caldwell College,183910,No
California Baptist University,110361,No
California Institute of Technology,110404,No
California Lutheran University,110413,No
California Maritime Academy,111188,No
California Polytechnic State University-San Luis Obispo,110422,No
California State Polytechnic University-Pomona,110529,No
California State University-Bakersfield,110486,No
California State University-Channel Islands,441937,No
California State University-Chico,110538,No
California State University-Dominguez Hills,110547,No
California State University-East Bay,110574,No
California State University-Fresno,110556,No
California State University-Fullerton,110565,No
California State University-Long Beach,110583,No
California State University-Los Angeles,110592,No
California State University-Monterey Bay,409698,No
California State University-Northridge,110608,No
California State University-Sacramento,110617,No
California State University-San Bernardino,110510,No
California State University-San Marcos,366711,No
California State University-Stanislaus,110495,No
California University of Pennsylvania,211361,No
Calumet College of Saint Joseph,150172,No
Calvin College,169080,No
Campbell University,198136,No
Campbellsville University,156365,No
Canisius College,189705,No
Capital University,201548,No
Capitol College,162061,No
Cardinal Stritch University,238430,No
Carleton College,173258,No
Carlos Albizu University-Miami,132842,No
Carlow University,211431,No
Carnegie Mellon University,211440,No
Carroll College,180106,No
Carroll University,238458,No
Carson-Newman College,219806,No
Carthage College,238476,No
Case Western Reserve University,201645,No
Castleton State College,230834,No
Catawba College,198215,No
Catholic University of America,131283,No
Cazenovia College,189848,No
Cedar Crest College,211468,No
Cedarville University,201654,No
Centenary College,183974,No
Centenary College of Louisiana,158477,No
Central Baptist College,106713,No
Central College,153108,No
Central Connecticut State University,128771,No
Central Methodist University-College of Liberal Arts & Sciences,176947,No
Central Michigan University,169248,No
Central State University (HBCU),201690,Yes
Central Washington University,234827,No
Centre College,156408,No
Chaminade University of Honolulu,141486,No
Champlain College,230852,No
Chapman University,111948,No
Charleston Southern University,217688,No
Chatham University,211556,No
Chestnut Hill College,211583,No
Cheyney University of Pennsylvania (HBCU),211608,Yes
Chicago State University,144005,No
Chowan University,198303,No
Christian Brothers University,219833,No
Christopher Newport University,231712,No
Citadel Military College of South Carolina,217864,No
Claflin University (HBCU),217873,Yes
Claremont McKenna College,112260,No
Clarion University of Pennsylvania,211644,No
Clark Atlanta University (HBCU),138947,Yes
Clark University,165334,No
Clarke University,153126,No
Clarkson College,180832,No
Clarkson University,190044,No
Clayton  State University,139311,No
Cleary University,169327,No
Clemson University,217882,No
Coastal Carolina University,218724,No
Coe College,153144,No
Cogswell Polytechnical College,112394,No
Coker College,217907,No
Colby College,161086,No
Colby-Sawyer College,182634,No
Colgate University,190099,No
College of Charleston,217819,No
College of Mount Saint Vincent,193399,No
College of Mount St. Joseph,204200,No
College of Notre Dame of Maryland,163578,No
College of Our Lady of the Elms,167394,No
College of Saint Benedict,174747,No
College of Saint Elizabeth,186618,No
College of Saint Mary,181604,No
College of St Joseph,231077,No
College of the Holy Cross,166124,No
College of the Ozarks,178697,No
College of William and Mary,231624,No
Colorado Christian University,126669,No
Colorado College,126678,No
Colorado School of Mines,126775,No
Colorado State University-Fort Collins,126818,No
Colorado State University-Pueblo,128106,No
Colorado Technical University-Colorado Springs,126827,No
Columbia College,177065,No
Columbia College,217934,No
Columbia College-Chicago,144281,No
Columbia International University,217925,No
Columbia University in the City of New York,190150,No
Columbus State University,139366,No
Concord University,237330,No
Concordia College at Moorhead,173300,No
Concordia College-New York,190248,No
Concordia University-Chicago,144351,No
Concordia University-Irvine,112075,No
Concordia University-Portland,208488,No
Concordia University-Saint Paul,173328,No
Concordia University-Seward,180984,No
Concordia University-Texas,224004,No
Concordia University-Wisconsin,238616,No
Connecticut College,128902,No
Converse College,217961,No
Cooper Union for the Advancement of Science and Art,190372,No
Coppin State University (HBCU),162283,Yes
Corban University,210331,No
Cornell College,153162,No
Cornell University,190415,No
Cornerstone University,170037,No
Covenant College,139393,No
Creighton University,181002,No
Crown College,174862,No
Culver-Stockton College,177144,No
Cumberland University,219949,No
CUNY Bernard M Baruch College,190512,No
CUNY Brooklyn College,190549,No
CUNY City College,190567,No
CUNY Hunter College,190594,No
CUNY John Jay College of Criminal Justice,190600,No
CUNY Lehman College,190637,No
CUNY Queens College,190664,No
Curry College,165529,No
Daemen College,190725,No
Dakota State University,219082,No
Dakota Wesleyan University,219091,No
Dallas Baptist University,224226,No
Dartmouth College,182670,No
Davidson College,198385,No
Davis & Elkins College,237358,No
Dean College,165574,No
Defiance College,202514,No
Delaware State University (HBCU),130934,Yes
Delaware Valley College,211981,No
Delta State University,175616,No
Denison University,202523,No
DePaul University,144740,No
DePauw University,150400,No
DeSales University,210739,No
Dickinson College,212009,No
DigiPen Institute of Technology,443410,No
Dillard University (HBCU),158802,Yes
Doane College-Crete,181020,No
Dominican College of Blauvelt,190761,No
Dominican University,148496,No
Dominican University of California,113698,No
Dordt College,153250,No
Drake University,153269,No
Drew University,184348,No
Drexel University,212054,No
Drury University,177214,No
Duke University,198419,No
Duquesne University,212106,No
D'Youville College,190716,No
Earlham College,150455,No
East Carolina University,198464,No
East Central University,207041,No
East Stroudsburg University of Pennsylvania,212115,No
East Tennessee State University,220075,No
East Texas Baptist University,224527,No
Eastern Connecticut State University,129215,No
Eastern Illinois University,144892,No
Eastern Kentucky University,156620,No
Eastern Mennonite University,232043,No
Eastern Michigan University,169798,No
Eastern Nazarene College,165644,No
Eastern New Mexico University-Main Campus,187648,No
Eastern Oregon University,208646,No
Eastern University,212133,No
Eastern Washington University,235097,No
East-West University,144883,No
Eckerd College,133492,No
Edgewood College,238661,No
Edinboro University of Pennsylvania,212160,No
Elizabeth City State University (HBCU),198507,Yes
Elizabethtown College,212197,No
Elmhurst College,144962,No
Elmira College,190983,No
Elon University,198516,No
Embry Riddle Aeronautical University-Daytona Beach,133553,No
Embry Riddle Aeronautical University-Prescott,104586,No
Emerson College,165662,No
Emmanuel College,165671,No
Emory and Henry College,232025,No
Emory University,139658,No
Emporia State University,155025,No
Endicott College,165699,No
Erskine College and Seminary,217998,No
Evangel University,177339,No
Fairfield University,129242,No
Fairleigh Dickinson University-College at Florham,184694,No
Fairleigh Dickinson University-Metropolitan Campus,184603,No
Fairmont State University,237367,No
Farmingdale State College,196042,No
Faulkner University,101189,No
Fayetteville State University (HBCU),198543,Yes
Felician College,184612,No
Ferris State University,169910,No
Ferrum College,232089,No
Fisher College,165802,No
Fisk University (HBCU),220181,Yes
Fitchburg State University,165820,No
Flagler College-St Augustine,133711,No
Florida Agricultural and Mechanical University (HBCU),133650,Yes
Florida Atlantic University,133669,No
Florida College,133809,No
Florida Gulf Coast University,433660,No
Florida Hospital College of Health Sciences,133872,No
Florida Institute of Technology,133881,No
Florida International University,133951,No
Florida Memorial University (HBCU),133979,Yes
Florida Southern College,134079,No
Florida State University,134097,No
Fontbonne University,177418,No
Fordham University,191241,No
Fort Hays State University,155061,No
Fort Lewis College,127185,No
Fort Valley State University (HBCU),139719,Yes
Framingham State University,165866,No
Francis Marion University,218061,No
Franciscan University of Steubenville,205957,No
Franklin and Marshall College,212577,No
Franklin College,150604,No
Franklin Pierce University,182795,No
Franklin W. Olin College of Engineering,441982,No
Freed-Hardeman University,220215,No
Fresno Pacific University,114813,No
Friends University,155089,No
Frostburg State University,162584,No
Furman University,218070,No
Gannon University,212601,No
Gardner-Webb University,198561,No
Geneva College,212656,No
George Fox University,208822,No
George Mason University,232186,No
George Washington University,131469,No
Georgetown College,156745,No
Georgetown University,131496,No
Georgia College & State University,139861,No
Georgia Institute of Technology-Main Campus,139755,No
Georgia Southern University,139931,No
Georgia Southwestern State University,139764,No
Georgia State University,139940,No
Georgian Court University,184773,No
Gettysburg College,212674,No
Goddard College,230889,No
Goldey-Beacom College,130989,No
Gonzaga University,235316,No
Gordon College,165936,No
Goshen College,150668,No
Goucher College,162654,No
Grace College and Theological Seminary,150677,No
Graceland University-Lamoni,153366,No
Grand Canyon University,104717,No
Grand Valley State University,170082,No
Grand View University,153375,No
Green Mountain College,230898,No
Greensboro College,198598,No
Greenville College,145372,No
Grinnell College,153384,No
Grove City College,212805,No
Guilford College,198613,No
Gustavus Adolphus College,173647,No
Gwynedd Mercy College,212832,No
Hamilton College,191515,No
Hamline University,173665,No
Hampden-Sydney College,232256,No
Hampshire College,166018,No
Hampton University (HBCU),232265,Yes
Hannibal-Lagrange College,177542,No
Hanover College,150756,No
Harding University,107044,No
Hardin-Simmons University,225247,No
Hartwick College,191533,No
Harvard University,166027,No
Harvey Mudd College,115409,No
Hastings College,181127,No
Haverford College,212911,No
Hawaii Pacific University,141644,No
Heidelberg University,203085,No
Henderson State University,107071,No
Hendrix College,107080,No
High Point University,198695,No
Hilbert College,191621,No
Hiram College,203128,No
Hobart William Smith Colleges,191630,No
Hodges University,367884,No
Hofstra University,191649,No
Hollins University,232308,No
Holy Cross College,150774,No
Holy Family University,212984,No
Hood College,162760,No
Hope College,170301,No
Hope International University,120537,No
Houghton College,191676,No
Houston Baptist University,225399,No
Howard Payne University,225548,No
Howard University (HBCU),131520,Yes
Humboldt State University,115755,No
Huntingdon College,101435,No
Huntington University,150941,No
Huston-Tillotson University (HBCU),225575,Yes
Idaho State University,142276,No
Illinois College,145691,No
Illinois Institute of Technology,145725,No
Illinois State University,145813,No
Illinois Wesleyan University,145646,No
Immaculata University,213011,No
Indiana Institute of Technology,151290,No
Indiana State University,151324,No
Indiana University of Pennsylvania-Main Campus,213020,No
Indiana University-Bloomington,151351,No
Indiana University-East,151388,No
Indiana University-Northwest,151360,No
Indiana University-Purdue University-Fort Wayne,151102,No
Indiana University-Purdue University-Indianapolis,151111,No
Indiana University-South Bend,151342,No
Indiana University-Southeast,151379,No
Indiana Wesleyan University,151801,No
Iona College,191931,No
Iowa State University,153603,No
Ithaca College,191968,No
Jackson State University (HBCU),175856,Yes
Jacksonville State University,101480,No
Jacksonville University,134945,No
James Madison University,232423,No
Jamestown College,200156,No
Jefferson College of Health Sciences,231837,No
John Brown University,107141,No
John Carroll University,203368,No
Johns Hopkins University,162928,No
Johnson C Smith University (HBCU),198756,Yes
Johnson State College,230913,No
Judson College,101541,No
Judson University,146339,No
Juniata College,213251,No
Kalamazoo College,170532,No
Kansas State University,155399,No
Kansas Wesleyan University,155414,No
Kean University,185262,No
Keene State College,183062,No
Kent State University at Kent,203517,No
Kentucky Christian University,157100,No
Kentucky State University (HBCU),157058,Yes
Kentucky Wesleyan College,157076,No
Kenyon College,203535,No
Kettering University,169983,No
Keuka College,192192,No
Keystone College,213303,No
King College,220516,No
King's College,213321,No
Knox College,146427,No
Kutztown University of Pennsylvania,213349,No
Kuyper College,171881,No
La Roche College,213358,No
La Salle University,213367,No
La Sierra University,117627,No
Lafayette College,213385,No
LaGrange College,140234,No
Lake Erie College,203580,No
Lake Forest College,146481,No
Lake Superior State University,170639,No
Lakeland College,238980,No
Lamar University,226091,No
Lander University,218229,No
Lane College (HBCU),220598,Yes
Langston University (HBCU),207209,Yes
Lasell College,166391,No
Lawrence University,239017,No
Le Moyne College,192323,No
Le Moyne-Owen College (HBCU),220604,Yes
Lebanon Valley College,213507,No
Lee University,220613,No
Lees-McRae College,198808,No
Lehigh University,213543,No
Lenoir-Rhyne University,198835,No
Lesley University,166452,No
LeTourneau University,226231,No
Lewis & Clark College,209056,No
Lewis University,146612,No
Lewis-Clark State College,142328,No
Liberty University,232557,No
Life University,140252,No
LIM College,192271,No
Limestone College,218238,No
Lincoln College,146676,No
Lincoln Memorial University,220631,No
Lincoln University of Pennsylvania (HBCU),213598,Yes
Lindenwood University,177968,No
Lindsey Wilson College,157216,No
Linfield College,209065,No
Lipscomb University,219976,No
Livingstone College (HBCU),198862,Yes
Lock Haven University,213613,No
Long Island University-C W Post Campus,192448,No
Longwood University,232566,No
Loras College,153825,No
Louisiana College,159568,No
Louisiana State University and Agricultural & Mechanical College,159391,No
Louisiana Tech University,159647,No
Lourdes College,203757,No
Loyola Marymount University,117946,No
Loyola University-Baltimore,163046,No
Loyola University-Chicago,146719,No
Loyola University-New Orleans,159656,No
Lubbock Christian University,226383,No
Luther College,153834,No
Lycoming College,213668,No
Lynchburg College,232609,No
Lynn University,132657,No
Lyon College,106342,No
Macalester College,173902,No
MacMurray College,146825,No
Madonna University,170806,No
Maharishi University of Management,153861,No
Maine Maritime Academy,161299,No
Malone University,203775,No
Manchester College,151777,No
Manhattan College,192703,No
Manhattanville College,192749,No
Mansfield University of Pennsylvania,213783,No
Maranatha Baptist Bible College,239071,No
Marian University,151786,No
Marian University,239080,No
Marietta College,203845,No
Marist College,192819,No
Marlboro College,230940,No
Marquette University,239105,No
Mars Hill College,198899,No
Marshall University,237525,No
Martin Luther College,173452,No
Mary Baldwin College,232672,No
Marygrove College,170842,No
Marymount Manhattan College,192864,No
Marymount University,232706,No
Maryville College,220710,No
Maryville University of Saint Louis,178059,No
Marywood University,213826,No
Massachusetts College of Liberal Arts,167288,No
Massachusetts Institute of Technology,166683,No
Massachusetts Maritime Academy,166692,No
McDaniel College,164270,No
McKendree University,147013,No
McMurry University,226587,No
McNeese State University,159717,No
McPherson College,155511,No
Medaille College,192925,No
Menlo College,118693,No
Mercer University,140447,No
Mercyhurst College,213987,No
Meredith College,198950,No
Merrimack College,166850,No
Mesa State College,127556,No
Messiah College,213996,No
Methodist University,198969,No
Metropolitan College of New York,190114,No
Metropolitan State College of Denver,127565,No
Miami University-Oxford,204024,No
Michigan State University,171100,No
Michigan Technological University,171128,No
MidAmerica Nazarene University,155520,No
Mid-Atlantic Christian University,199458,No
Middle Tennessee State University,220978,No
Middlebury College,230959,No
Midland University,181330,No
Midway College,157377,No
Midwestern State University,226833,No
Millersville University of Pennsylvania,214041,No
Millikin University,147244,No
Mills College,118888,No
Millsaps College,175980,No
Milwaukee School of Engineering,239318,No
Minnesota State University-Mankato,173920,No
Minnesota State University-Moorhead,174358,No
Minot State University,200253,No
Misericordia University,214069,No
Mississippi College,176053,No
Mississippi State University,176080,No
Mississippi University for Women,176035,No
Mississippi Valley State University (HBCU),176044,Yes
Missouri Baptist University,178244,No
Missouri Southern State University,178341,No
Missouri State University-Springfield,179566,No
Missouri University of Science and Technology,178411,No
Missouri Valley College,178369,No
Mitchell College,129774,No
Molloy College,193292,No
Monmouth College,147341,No
Monmouth University,185572,No
Monroe College-Main Campus,193308,No
Montana State University,180461,No
Montana State University-Billings,180179,No
Montana Tech of the University of Montana,180416,No
Montclair State University,185590,No
Montreat College,199032,No
Moravian College and Moravian Theological Seminary,214157,No
Morehead State University,157386,No
Morehouse College (HBCU),140553,Yes
Morgan State University (HBCU),163453,Yes
Morningside College,154004,No
Morris College (HBCU),218399,Yes
Morrisville State College,196051,No
Mount Aloysius College,214166,No
Mount Carmel College of Nursing,204176,No
Mount Holyoke College,166939,No
Mount Marty College,219198,No
Mount Mary College,239390,No
Mount Mercy University,154013,No
Mount Olive College,199069,No
Mount Saint Mary College,193353,No
Mount St Mary's College,119173,No
Mount St Mary's University,163462,No
Mount Vernon Nazarene University,204194,No
Muhlenberg College,214175,No
Murray State University,157401,No
Musicians Institute,119270,No
Muskingum University,204264,No
National-Louis University,147536,No
Nazareth College,193584,No
Nebraska Wesleyan University,181446,No
Neumann University,214272,No
New College of Florida,262129,No
New England College,182980,No
New Jersey City University,185129,No
New Jersey Institute of Technology,185828,No
New Mexico Institute of Mining and Technology,187967,No
New Mexico State University-Main Campus,188030,No
New Saint Andrews College,440396,No
New York Institute of Technology,194091,No
New York School of Interior Design,194116,No
New York University,193900,No
Newberry College,218414,No
Newbury College-Brookline,167251,No
Newman University,155335,No
Niagara University,193973,No
Nicholls State University,159966,No
Nichols College,167260,No
Norfolk State University (HBCU),232937,Yes
North Carolina A & T State University (HBCU),199102,Yes
North Carolina Central University (HBCU),199157,Yes
North Carolina State University at Raleigh,199193,No
North Carolina Wesleyan College,199209,No
North Central College,147660,No
North Central University,174437,No
North Dakota State University-Main Campus,200332,No
North Greenville University,218441,No
North Park University,147679,No
Northeastern Illinois University,147776,No
Northeastern State University,207263,No
Northeastern University,167358,No
Northern Arizona University,105330,No
Northern Illinois University,147703,No
Northern Michigan University,171456,No
Northern State University,219259,No
Northland College,239512,No
Northwest Christian University,209409,No
Northwest Missouri State University,178624,No
Northwest University,236133,No
Northwestern College,154101,No
Northwestern College,174491,No
Northwestern State University of Louisiana,160038,No
Northwestern University,147767,No
Northwood University-Michigan,171492,No
Norwich University,230995,No
Notre Dame College,204468,No
Notre Dame de Namur University,120184,No
Nova Southeastern University,136215,No
Nyack College,194161,No
Oakland University,171571,No
Oakwood University (HBCU),101912,Yes
Oberlin College,204501,No
Occidental College,120254,No
Oglethorpe University,140696,No
Ohio Christian University,201964,No
Ohio Dominican University,204617,No
Ohio Northern University,204635,No
Ohio State University-Lima Campus,204671,No
Ohio State University-Main Campus,204796,No
Ohio State University-Marion Campus,204699,No
Ohio State University-Newark Campus,204705,No
Ohio University-Main Campus,204857,No
Ohio Valley University,237640,No
Ohio Wesleyan University,204909,No
Oklahoma Baptist University,207403,No
Oklahoma Christian University,207324,No
Oklahoma City University,207458,No
Oklahoma State University-Main Campus,207388,No
Oklahoma Wesleyan University,206835,No
Old Dominion University,232982,No
Olivet College,171599,No
Olivet Nazarene University,147828,No
Oral Roberts University,207582,No
Oregon Institute of Technology,209506,No
Oregon State University,209542,No
Ottawa University-Ottawa,155627,No
Otterbein University,204936,No
Ouachita Baptist University,107512,No
Our Lady of the Lake University-San Antonio,227331,No
Pace University-New York,194310,No
Pacific Lutheran University,236230,No
Pacific Union College,120865,No
Pacific University,209612,No
Paine College (HBCU),140720,Yes
Palm Beach Atlantic University-West Palm Beach,136330,No
Park University,178721,No
Paul Smiths College of Arts and Science,194392,No
Peace College,199272,No
Pennsylvania State University-Brandywine,214731,No
Pennsylvania State University-Main Campus,214777,No
Pennsylvania State University-Penn State Abington,214801,No
Pennsylvania State University-Penn State Altoona,214689,No
Pennsylvania State University-Penn State Beaver,214698,No
Pennsylvania State University-Penn State Berks,214704,No
Pennsylvania State University-Penn State Dubois,214740,No
Pennsylvania State University-Penn State Erie-Behrend College,214591,No
Pennsylvania State University-Penn State Greater Allegheny,214786,No
Pennsylvania State University-Penn State Harrisburg,214713,No
Pennsylvania State University-Penn State Hazleton,214768,No
Pennsylvania State University-Penn State Lehigh Valley,214670,No
Pennsylvania State University-Penn State Mont Alto,214795,No
Pennsylvania State University-Penn State New Kensington,214625,No
Pennsylvania State University-Penn State Schuylkill,214810,No
Pennsylvania State University-Penn State Shenango,214634,No
Pennsylvania State University-Penn State Wilkes-Barre,214643,No
Pennsylvania State University-Penn State Worthington Scranton,214652,No
Pennsylvania State University-Penn State York,214829,No
Pepperdine University,121150,No
Pfeiffer University,199306,No
Philadelphia Biblical University-Langhorne,215114,No
Philander Smith College (HBCU),107600,Yes
Piedmont College,140818,No
Pine Manor College,167455,No
Pittsburg State University,155681,No
Pitzer College,121257,No
Plymouth State University,183080,No
Point Loma Nazarene University,121309,No
Point Park University,215442,No
Pomona College,121345,No
Portland State University,209807,No
Post University,130183,No
Prairie View A & M University (HBCU),227526,Yes
Presbyterian College,218539,No
Presentation College,219295,No
Princeton University,186131,No
Principia College,148016,No
Providence College,217402,No
Purdue University-Main Campus,243780,No
Queens University of Charlotte,199412,No
Quincy University,148131,No
Quinnipiac University,130226,No
Radford University,233277,No
Ramapo College of New Jersey,186201,No
Randolph College,233301,No
Randolph-Macon College,233295,No
Reed College,209922,No
Regis College,167598,No
Regis University,127918,No
Reinhardt University,140872,No
Rensselaer Polytechnic Institute,194824,No
Rhode Island College,217420,No
Rhodes College,221351,No
Rice University,227757,No
Rider University,186283,No
Ripon College,239628,No
Rivier College,183211,No
Roanoke College,233426,No
Robert Morris University,215655,No
Roberts Wesleyan College,194958,No
Rochester College,170967,No
Rochester Institute of Technology,195003,No
Rockford College,148405,No
Rockhurst University,179043,No
Rocky Mountain College,180595,No
Roger Williams University,217518,No
Rogers State University,207661,No
Rollins College,136950,No
Roosevelt University,148487,No
Rose-Hulman Institute of Technology,152318,No
Rosemont College,215691,No
Rowan University,184782,No
Rust College (HBCU),176318,Yes
Rutgers University-Camden,186371,No
Rutgers University-New Brunswick,186380,No
Rutgers University-Newark,186399,No
Sacred Heart University,130253,No
Saginaw Valley State University,172051,No
Saint Ambrose University,154235,No
Saint Anselm College,183239,No
Saint Augustines College (HBCU),199582,Yes
Saint Bonaventure University,195164,No
Saint Cloud State University,174783,No
Saint Edward's University,227845,No
Saint Francis University,215743,No
Saint John Fisher College,195720,No
Saint Johns University,174792,No
Saint Joseph College,130314,No
Saint Joseph's College of Maine,161518,No
Saint Joseph's College-New York,195544,No
Saint Joseph's University,215770,No
Saint Leo University,137032,No
Saint Louis University-Main Campus,179159,No
Saint Martin's University,236452,No
Saint Mary-of-the-Woods College,152381,No
Saint Mary's College,152390,No
Saint Marys College of California,123554,No
Saint Mary's University of Minnesota,174817,No
Saint Michael's College,231059,No
Saint Norbert College,239716,No
Saint Peter's College,186432,No
Saint Thomas Aquinas College,195243,No
Saint Thomas University,137476,No
Saint Vincent College,215798,No
Saint Xavier University,148627,No
Salem College,199607,No
Salem International University,237783,No
Salem State University,167729,No
Salisbury University,163851,No
Salve Regina University,217536,No
Sam Houston State University,227881,No
Samford University,102049,No
San Diego Christian College,112084,No
San Diego State University,122409,No
San Francisco State University,122597,No
San Jose State University,122755,No
Santa Clara University,122931,No
Sarah Lawrence College,195304,No
Savannah State University (HBCU),140960,Yes
Schreiner University,228042,No
Scripps College,123165,No
Seattle Pacific University,236577,No
Seattle University,236595,No
Seton Hall University,186584,No
Seton Hill University,215947,No
Sewanee-The University of the South,221519,No
Shaw University (HBCU),199643,Yes
Shenandoah University,233541,No
Shepherd University,237792,No
Shippensburg University of Pennsylvania,216010,No
Shorter University,140988,No
Siena College,195474,No
Siena Heights University,172264,No
Simmons College,167783,No
Simpson College,154350,No
Simpson University,123457,No
Skidmore College,195526,No
Slippery Rock University of Pennsylvania,216038,No
Smith College,167835,No
Soka University of America,399911,No
Sonoma State University,123572,No
South Carolina State University (HBCU),218733,Yes
South Dakota State University,219356,No
South University-Savannah,139579,No
Southeast Missouri State University,179557,No
Southeastern Louisiana University,160612,No
Southeastern Oklahoma State University,207847,No
Southeastern University,137564,No
Southern Adventist University,221661,No
Southern Arkansas University Main Campus,107983,No
Southern California Institute of Architecture,123952,No
Southern Connecticut State University,130493,No
Southern Illinois University Carbondale,149222,No
Southern Illinois University Edwardsville,149231,No
Southern Methodist University,228246,No
Southern New Hampshire University,183026,No
Southern Oregon University,210146,No
Southern University and A & M College (HBCU),160621,Yes
Southern Utah University,230603,No
Southern Vermont College,231086,No
Southern Virginia University,233611,No
Southern Wesleyan University,217776,No
Southwest Baptist University,179326,No
Southwest Minnesota State University,175078,No
Southwestern Adventist University,228468,No
Southwestern Christian University,207856,No
Southwestern College,155900,No
Southwestern Oklahoma State University,207865,No
Southwestern University,228343,No
Spalding University,157757,No
Spelman College (HBCU),141060,Yes
Spring Arbor University,172334,No
Spring Hill College,102234,No
Springfield College,167899,No
St Andrews Presbyterian College,199698,No
St Catherine University,175005,No
St John's College,163976,No
St John's College,245652,No
St John's University-New York,195809,No
St Lawrence University,195216,No
St Mary's College of Maryland,163912,No
St Marys University,228149,No
St Olaf College,174844,No
St. Francis College,195173,No
Stanford University,243744,No
State University of New York at New Paltz,196176,No
Stephen F Austin State University,228431,No
Stephens College,179548,No
Sterling College,155937,No
Sterling College,231095,No
Stetson University,137546,No
Stevens Institute of Technology,186867,No
Stevenson University,164173,No
Stillman College (HBCU),102270,Yes
Stonehill College,167996,No
Stony Brook University,196097,No
Suffolk University,168005,No
Sul Ross State University,228501,No
Summit Christian College,181543,No
SUNY at Albany,196060,No
SUNY at Binghamton,196079,No
SUNY at Fredonia,196158,No
SUNY at Geneseo,196167,No
SUNY at Purchase College,196219,No
SUNY College at Brockport,196121,No
SUNY College at Buffalo,196130,No
SUNY College at Cortland,196149,No
SUNY College at Old Westbury,196237,No
SUNY College at Oneonta,196185,No
SUNY College at Oswego,196194,No
SUNY College at Plattsburgh,196246,No
SUNY College at Potsdam,196200,No
SUNY College of Agriculture and Technology at Cobleskill,196033,No
SUNY College of Environmental Science and Forestry,196103,No
SUNY College of Technology at Alfred,196006,No
SUNY Institute of Technology at Utica-Rome,196112,No
SUNY Maritime College,196291,No
Susquehanna University,216278,No
Swarthmore College,216287,No
Sweet Briar College,233718,No
Syracuse University,196413,No
Tabor College,155973,No
Talladega College (HBCU),102298,Yes
Tarleton State University,228529,No
Taylor University,152530,No
Temple University,216339,No
Tennessee State University (HBCU),221838,Yes
Tennessee Technological University,221847,No
Tennessee Wesleyan College,221731,No
Texas A & M International University,226152,No
Texas A & M University-College Station,228723,No
Texas A & M University-Commerce,224554,No
Texas A & M University-Corpus Christi,224147,No
Texas A & M University-Kingsville,228705,No
Texas Christian University,228875,No
Texas Lutheran University,228981,No
Texas State University-San Marcos,228459,No
Texas Tech University,229115,No
Texas Wesleyan University,229160,No
Texas Woman's University,229179,No
The College of Idaho,142294,No
The College of New Jersey,187134,No
The College of New Rochelle,193645,No
The College of Saint Rose,195234,No
The College of Saint Scholastica,174899,No
The College of Wooster,206589,No
The Evergreen State College,235167,No
The King’s College,454184,No
The Master's College and Seminary,117751,No
The New School,193654,No
The Richard Stockton College of New Jersey,186876,No
The University of Alabama,100751,No
The University of Findlay,202763,No
The University of Montana,180489,No
The University of Montana-Western,180692,No
The University of Tampa,137847,No
The University of Tennessee,221759,No
The University of Tennessee at Chattanooga,221740,No
The University of Tennessee-Martin,221768,No
The University of Texas at Arlington,228769,No
The University of Texas at Austin,228778,No
The University of Texas at Dallas,228787,No
The University of Texas at San Antonio,229027,No
The University of Texas at Tyler,228802,No
The University of Texas of the Permian Basin,229018,No
The University of Texas-Pan American,227368,No
The University of Virginia's College at Wise,233897,No
The University of West Florida,138354,No
Thiel College,216357,No
Thomas Aquinas College,124292,No
Thomas More College,157809,No
Thomas More College of Liberal Arts,183275,No
Tiffin University,206048,No
Toccoa Falls College,141185,No
Towson University,164076,No
Transylvania University,157818,No
Trevecca Nazarene University,221892,No
Trine University,152567,No
Trinity Christian College,149505,No
Trinity College,130590,No
Trinity International University-Illinois,149514,No
Trinity University,229267,No
Trinity Washington University,131876,No
Troy University,102368,No
Truman State University,178615,No
Tufts University,168148,No
Tulane University of Louisiana,160755,No
Tusculum College,221953,No
Tuskegee University (HBCU),102377,Yes
Union College,157863,No
Union College,181738,No
Union College,196866,No
Union University,221971,No
United States Air Force Academy,128328,No
United States Coast Guard Academy,130624,No
United States Merchant Marine Academy,197027,No
United States Military Academy,197036,No
United States Naval Academy,164155,No
Unity College,161572,No
University at Buffalo,196088,No
University of Advancing Technology,363934,No
University of Alabama at Birmingham,100663,No
University of Alabama at Huntsville,100706,No
University of Alaska Fairbanks,102614,No
University of Alaska Southeast,102632,No
University of Arizona,104179,No
University of Arkansas,106397,No
University of Arkansas at Pine Bluff (HBCU),106412,Yes
University of Arkansas-Fort Smith,108092,No
University of Bridgeport,128744,No
University of California-Berkeley,110635,No
University of California-Davis,110644,No
University of California-Irvine,110653,No
University of California-Los Angeles,110662,No
University of California-Riverside,110671,No
University of California-San Diego,110680,No
University of California-Santa Barbara,110705,No
University of California-Santa Cruz,110714,No
University of Central Arkansas,106704,No
University of Central Florida,132903,No
University of Central Missouri,176965,No
University of Central Oklahoma,206941,No
University of Charleston,237312,No
University of Chicago,144050,No
University of Cincinnati-Main Campus,201885,No
University of Colorado at Colorado Springs,126580,No
University of Colorado Boulder,126614,No
University of Colorado Denver,126562,No
University of Connecticut,129020,No
University of Connecticut-Avery Point,436827,No
University of Connecticut-Stamford,436836,No
University of Connecticut-Tri-Campus,436818,No
University of Dallas,224323,No
University of Dayton,202480,No
University of Delaware,130943,No
University of Denver,127060,No
University of Detroit Mercy,169716,No
University of Dubuque,153278,No
University of Evansville,150534,No
University of Florida,134130,No
University of Georgia,139959,No
University of Great Falls,180258,No
University of Hartford,129525,No
University of Hawaii at Hilo,141565,No
University of Hawaii at Manoa,141574,No
University of Houston,225511,No
University of Idaho,142285,No
University of Illinois at Chicago,145600,No
University of Illinois at Chicago (Honors),UICHonors,No
University of Illinois at Springfield,148654,No
University of Illinois at Urbana-Champaign,145637,No
University of Indianapolis,151263,No
University of Iowa,153658,No
University of Kansas,155317,No
University of Kentucky,157085,No
University of La Verne,117140,No
University of Louisiana-Lafayette,160658,No
University of Louisiana-Monroe,159993,No
University of Louisville,157289,No
University of Maine,161253,No
University of Maine at Farmington,161226,No
University of Maine at Machias,161244,No
University of Maine at Presque Isle,161341,No
University of Mary,200217,No
University of Mary Hardin-Baylor,226471,No
University of Mary Washington,232681,No
University of Maryland Eastern Shore (HBCU),163338,Yes
University of Maryland-Baltimore County,163268,No
University of Maryland-College Park,163286,No
University of Massachusetts Amherst,166629,No
University of Massachusetts-Boston,166638,No
University of Massachusetts-Dartmouth,167987,No
University of Massachusetts-Lowell,166513,No
University of Memphis,220862,No
University of Miami,135726,No
University of Michigan-Ann Arbor,170976,No
University of Michigan-Dearborn,171137,No
University of Michigan-Flint,171146,No
University of Minnesota-Crookston,174075,No
University of Minnesota-Duluth,174233,No
University of Minnesota-Morris,174251,No
University of Minnesota-Twin Cities,174066,No
University of Mississippi Main Campus,176017,No
University of Missouri-Columbia,178396,No
University of Missouri-Kansas City,178402,No
University of Missouri-St Louis,178420,No
University of Mobile,101693,No
University of Montevallo,101709,No
University of Mount Union,204185,No
University of Nebraska at Kearney,181215,No
University of Nebraska at Omaha,181394,No
University of Nebraska-Lincoln,181464,No
University of Nevada-Las Vegas,182281,No
University of New England,161457,No
University of New Hampshire at Manchester,183071,No
University of New Hampshire-Main Campus,183044,No
University of New Haven,129941,No
University of New Mexico-Main Campus,187985,No
University of New Orleans,159939,No
University of North Alabama,101879,No
University of North Carolina at Asheville,199111,No
University of North Carolina at Chapel Hill,199120,No
University of North Carolina at Charlotte,199139,No
University of North Carolina at Greensboro,199148,No
University of North Carolina at Pembroke,199281,No
University of North Carolina at Wilmington,199218,No
University of North Dakota,200280,No
University of North Florida,136172,No
University of North Texas,227216,No
University of Northern Colorado,127741,No
University of Northern Iowa,154095,No
University of Notre Dame,152080,No
University of Oklahoma Norman Campus,207500,No
University of Oregon,209551,No
University of Pennsylvania,215062,No
University of Pittsburgh-Bradford,215266,No
University of Pittsburgh-Greensburg,215275,No
University of Pittsburgh-Johnstown,215284,No
University of Pittsburgh-Pittsburgh Campus,215293,No
University of Portland,209825,No
University of Puget Sound,236328,No
University of Redlands,121691,No
University of Rhode Island,217484,No
University of Richmond,233374,No
University of Rochester,195030,No
University of Saint Francis-Fort Wayne,152336,No
University of Saint Mary,155812,No
University of San Diego,122436,No
University of San Francisco,122612,No
University of Science and Arts of Oklahoma,207722,No
University of Scranton,215929,No
University of Sioux Falls,219383,No
University of South Alabama,102094,No
University of South Carolina-Aiken,218645,No
University of South Carolina-Beaufort,218654,No
University of South Carolina-Columbia,218663,No
University of South Carolina-Upstate,218742,No
University of South Dakota,219471,No
University of South Florida-Main Campus,137351,No
University of South Florida-St. Petersburg Campus,448840,No
University of Southern California,123961,No
University of Southern Indiana,151306,No
University of Southern Maine,161554,No
University of Southern Mississippi,176372,No
University of St Francis,148584,No
University of St Thomas,174914,No
University of St Thomas,227863,No
University of the Cumberlands,156541,No
University of the Incarnate Word,225627,No
University of the Ozarks,107558,No
University of the Pacific,120883,No
University of the Sciences,215132,No
University of the Southwest,188182,No
University of the Virgin Islands (HBCU),243665,Yes
University of Tulsa,207971,No
University of Utah,230764,No
University of Vermont,231174,No
University of Virginia-Main Campus,234076,No
University of Washington-Seattle Campus,236948,No
University of West Alabama,101587,No
University of West Georgia,141334,No
University of Wisconsin-Eau Claire,240268,No
University of Wisconsin-Green Bay,240277,No
University of Wisconsin-La Crosse,240329,No
University of Wisconsin-Madison,240444,No
University of Wisconsin-Milwaukee,240453,No
University of Wisconsin-Oshkosh,240365,No
University of Wisconsin-Parkside,240374,No
University of Wisconsin-Platteville,240462,No
University of Wisconsin-River Falls,240471,No
University of Wisconsin-Stevens Point,240480,No
University of Wisconsin-Stout,240417,No
University of Wisconsin-Superior,240426,No
University of Wisconsin-Whitewater,240189,No
University of Wyoming,240727,No
Urbana University,206330,No
Ursinus College,216524,No
Ursuline College,206349,No
Utah State University,230728,No
Utica College,197045,No
Valdosta State University,141264,No
Valley Forge Christian College,216542,No
Valparaiso University,152600,No
Vanderbilt University,221999,No
Vanguard University of Southern California,123651,No
Vassar College,197133,No
Villanova University,216597,No
Virginia Commonwealth University,234030,No
Virginia Military Institute,234085,No
Virginia Polytechnic Institute and State University,233921,No
Virginia State University (HBCU),234155,Yes
Virginia Union University (HBCU),234164,Yes
Virginia Wesleyan College,234173,No
Viterbo University,240107,No
Voorhees College (HBCU),218919,Yes
Wabash College,152673,No
Wagner College,197197,No
Wake Forest University,199847,No
Walsh University,206437,No
Warner Pacific College,210304,No
Warner University,138275,No
Warren Wilson College,199865,No
Wartburg College,154527,No
Washington & Jefferson College,216667,No
Washington Adventist University,162210,No
Washington and Lee University,234207,No
Washington College,164216,No
Washington State University,236939,No
Washington University in St Louis,179867,No
Watkins College of Art Design & Film,392840,No
Wayland Baptist University,229780,No
Waynesburg University,216694,No
Webb Institute,197221,No
Webber International University,138293,No
Webster University,179894,No
Wellesley College,168218,No
Wells College,197230,No
Wentworth Institute of Technology,168227,No
Wesley College,131098,No
Wesleyan College,141325,No
Wesleyan University,130697,No
West Chester University of Pennsylvania,216764,No
West Liberty University,237932,No
West Texas A & M University,229814,No
West Virginia University,238032,No
West Virginia Wesleyan College,237969,No
Western Carolina University,200004,No
Western Connecticut State University,130776,No
Western Illinois University,149772,No
Western Kentucky University,157951,No
Western Michigan University,172699,No
Western New England University,168254,No
Western New Mexico University,188304,No
Western Oregon University,210429,No
Western State College of Colorado,128391,No
Western Washington University,237011,No
Westfield State University,168263,No
Westminster College,179946,No
Westminster College,216807,No
Westminster College,230807,No
Westmont College,125727,No
Wheaton College,149781,No
Wheaton College,168281,No
Wheeling Jesuit University,238078,No
Whitman College,237057,No
Whittier College,125763,No
Whitworth University,237066,No
Wichita State University,156125,No
Widener University-Main Campus,216852,No
Wilberforce University (HBCU),206491,Yes
Wiley College (HBCU),229887,Yes
Wilkes University,216931,No
Willamette University,210401,No
William Carey University,176479,No
William Jewell College,179955,No
William Paterson University of New Jersey,187444,No
William Penn University,154590,No
William Woods University,179964,No
Williams Baptist College,107877,No
Williams College,168342,No
Wilmington College,206507,No
Wilson College,217013,No
Wingate University,199962,No
Winona State University,175272,No
Winston-Salem State University (HBCU),199999,Yes
Winthrop University,218964,No
Wisconsin Lutheran College,240338,No
Wittenberg University,206525,No
Wofford College,218973,No
Woodbury University,125897,No
Worcester Polytechnic Institute,168421,No
Worcester State University,168430,No
Wright State University-Main Campus,206604,No
Xavier University,206622,No
Xavier University of Louisiana (HBCU),160904,Yes
Yale University,130794,No
Yeshiva University,197708,No
York College,181853,No
York College Pennsylvania,217059,No
Westminster College,179946,No
Westminster College,216807,No
Westminster College,230807,No
Westmont College,125727,No
Wheaton College,149781,No
Wheaton College,168281,No
Wheeling Jesuit University,238078,No
Wheelock College,168290,No
Whitman College,237057,No
Whittier College,125763,No
Whitworth University,237066,No
Wichita State University,156125,No
Widener University-Main Campus,216852,No
Wilberforce University (HBCU),206491,Yes
Wiley College (HBCU),229887,Yes
Wilkes University,216931,No
Willamette University,210401,No
William Carey University,176479,No
William Jewell College,179955,No
William Paterson University of New Jersey,187444,No
William Penn University,154590,No
William Woods University,179964,No
Williams Baptist College,107877,No
Williams College,168342,No
Wilmington College,206507,No
Wilson College,217013,No
Wingate University,199962,No
Winona State University,175272,No
Winston-Salem State University (HBCU),199999,Yes
Winthrop University,218964,No
Wisconsin Lutheran College,240338,No
Wittenberg University,206525,No
Wofford College,218973,No
Woodbury University,125897,No
Worcester Polytechnic Institute,168421,No
Worcester State University,168430,No
Wright State University-Main Campus,206604,No
Xavier University,206622,No
Xavier University of Louisiana (HBCU),160904,Yes
Yale University,130794,No
Yeshiva University,197708,No
York College,181853,No
York College Pennsylvania,217059,No